Title,Genre,ReleaseDate,Runtime,IMDB Score,Language,Views,AddedDate
Upstarts,Drama,18-10-2019,112,6.7,Hindi,355362,01-02-2023
ReMastered: The Lion's Share,Documentary,17-05-2019,84,7,English,151409,01-02-2023
One of Us,Documentary,20-10-2017,95,7.1,English,199900,01-02-2023
Octonauts & the Great Barrier Reef,Animation,13-10-2020,47,7.3,English,107960,01-02-2023
"Barbra: The Music, The Mem'ries, The Magic!",Concert Film,22-11-2017,108,7.5,English,253858,01-02-2023
Tell Me Who I Am,Documentary,18-10-2019,85,7.6,English,10485,01-02-2023
Crip Camp: A Disability Revolution,Documentary,25-03-2020,108,7.7,English,30180,01-02-2023
Winter on Fire: Ukraine's Fight for Freedom,Documentary,09-10-2015,91,8.4,English/Ukranian/Russian,680947,01-02-2023
